2;"Yellow Ball"
4;"Blue Ball"
6;"Red Ball"
7;"System"
12;"Slider v4 Component"
13;"Path Tracing Demo 1"
13;"Path Tracing Demo 1"
82;"FBoundingBoxSymbol"
84;"FUIComponentSymbol"
85;"DataProviderSymbol"
87;"FSelectableListSymbol"
84;"FUIComponentSymbol"
123;"DownArrow"
143;"ScrollThumb"
168;"UpArrow"
170;"FScrollBarSymbol"
172;"FScrollSelectListSymbol"
84;"FUIComponentSymbol"
175;"FHighlightSymbol"
178;"FLabelSymbol"
180;"FSelectableItemSymbol"
182;"FComboBoxItemSymbol"
184;"FComboBoxSymbol"
12;"Slider v4 Component"
